G2expocode,G2cruise,G2station,G2year,G2month,G2day,G2latitude,G2longitude,G2depth,G2tco2,G2talk,G2temperature,G2salinity,G2phtsinsitutp,G2tco2qc,G2talkqc,G2phtsqc
33RO20170718,4058.0,88.0,2017.0,8.0,17.0,23.262,-80.62,3.0,2020.7,2371.18,30.13,36.401,8.0151787059258,0.0,0.0,0.0
33RO20170718,4058.0,88.0,2017.0,8.0,17.0,23.262,-80.62,10.0,2025.8,2371.61,29.72,36.369,8.03310038431704,0.0,0.0,0.0
33RO20170718,4058.0,89.0,2017.0,8.0,18.0,23.5122,-80.62,3.0,2020.1,2371.85,30.15,36.294,8.02580053364055,0.0,0.0,0.0
33RO20170718,4058.0,89.0,2017.0,8.0,18.0,23.5122,-80.62,10.0,2018.2,2367.36,30.093,36.283,8.02556272567391,0.0,0.0,0.0
33RO20170718,4058.0,90.0,2017.0,8.0,18.0,23.7878,-80.614,2.0,2022.5,2369.92,29.967,36.303,8.02779680910366,0.0,0.0,0.0
33RO20170718,4058.0,90.0,2017.0,8.0,18.0,23.7878,-80.614,10.0,2021.7,2374.53,29.978,36.303,8.02522171086778,0.0,0.0,0.0
33RO20170718,4058.0,91.0,2017.0,8.0,18.0,24.0482,-80.619,3.0,2021.3,2370.75,29.883,36.287,8.0279935736845,0.0,0.0,0.0
33RO20170718,4058.0,92.0,2017.0,8.0,18.0,24.3159,-80.618,3.0,2023.1,2371.97,30.288,36.339,8.02299804819067,0.0,0.0,0.0
33RO20170718,4058.0,93.0,2017.0,8.0,18.0,24.5795,-80.616,4.0,2034.4,2387.19,30.357,36.054,8.02553443171867,0.0,0.0,0.0
33RO20170718,4058.0,93.0,2017.0,8.0,18.0,24.5795,-80.616,10.0,2034.4,2387.29,30.211,36.048,8.02711752985959,0.0,0.0,0.0
33RO20170718,4058.0,94.0,2017.0,8.0,18.0,24.7412,-80.619,4.0,2028.4,2376.54,30.505,35.876,8.01318379788986,0.0,0.0,0.0
33RO20170718,4058.0,94.0,2017.0,8.0,18.0,24.7412,-80.619,10.0,2025.9,2382.61,30.149,35.882,8.02067844298195,0.0,0.0,0.0
33WA20150921,4060.0,54.0,2015.0,9.0,24.0,25.3379,-81.1563,1.0,2477.3,2665.6,29.41,35.297,7.74340286176888,0.0,0.0,0.0
33WA20141201,4059.0,54.0,2014.0,12.0,4.0,25.3425,-81.1535,1.0,2620.8,2834.4,21.25,31.083,7.88051703925423,0.0,0.0,0.0
33WA20141201,4059.0,54.0,2014.0,12.0,3.0,25.3451,-81.1521,1.0,2596.7,2853.1,20.6,31.159,7.90791993031869,0.0,0.0,0.0
33WA20150921,4060.0,54.0,2015.0,9.0,23.0,25.3451,-81.1518,1.0,2475.1,2716.4,29.58,34.6,7.81039306242052,0.0,0.0,0.0
33WA20141201,4059.0,55.0,2014.0,12.0,4.0,25.3488,-81.1974,1.0,2385.0,2656.7,20.81,33.073,7.84186403747116,0.0,0.0,0.0
33WA20141201,4059.0,56.0,2014.0,12.0,4.0,25.349,-81.2248,1.0,2296.2,2572.1,20.85,33.945,7.83836209745796,0.0,0.0,0.0
33WA20141201,4059.0,56.0,2014.0,12.0,3.0,25.3498,-81.2289,1.0,2252.1,2542.1,20.75,34.279,7.83599236659228,0.0,0.0,0.0
33WA20150921,4060.0,56.0,2015.0,9.0,23.0,25.3499,-81.2291,1.0,1954.1,2254.9,29.37,37.22,7.99266039846285,0.0,0.0,0.0
33WA20150921,4060.0,55.0,2015.0,9.0,23.0,25.3499,-81.1995,1.0,2033.9,2341.4,29.44,36.617,7.9715551234968,0.0,0.0,0.0
33WA20150921,4060.0,56.0,2015.0,9.0,24.0,25.35,-81.2285,1.0,1964.4,2250.9,29.19,37.316,7.95883065146172,0.0,0.0,0.0
33WA20141201,4059.0,55.0,2014.0,12.0,3.0,25.35,-81.1936,1.0,2320.0,2602.0,20.63,33.597,7.88460082741453,0.0,0.0,0.0
33WA20141201,4059.0,57.0,2014.0,12.0,4.0,25.3506,-81.2634,1.0,2222.5,2461.1,20.84,34.693,8.05368179095968,0.0,0.0,0.0
33WA20150921,4060.0,573.0,2015.0,9.0,23.0,25.3512,-81.6543,1.0,1973.3,2262.6,30.14,36.164,7.97230174881567,0.0,0.0,0.0
33WA20150921,4060.0,571.0,2015.0,9.0,24.0,25.3515,-81.3363,1.0,1893.3,2122.2,29.46,36.999,7.88734223833745,0.0,0.0,0.0
33WA20150921,4060.0,55.0,2015.0,9.0,24.0,25.3515,-81.1962,1.0,2192.7,2468.9,29.04,36.057,7.90684579147912,0.0,0.0,0.0
33WA20150921,4060.0,573.0,2015.0,9.0,24.0,25.3516,-81.6556,1.0,1985.6,2289.42161573752,29.9,36.203,7.96548030004463,0.0,0.0,0.0
33WA20150921,4060.0,57.0,2015.0,9.0,24.0,25.3516,-81.2659,1.0,1954.5,2240.1,29.22,37.611,7.94381525897729,0.0,0.0,0.0
33WA20141201,4059.0,571.0,2014.0,12.0,3.0,25.3517,-81.336,1.0,2139.9,2389.2,20.88,35.068,8.25620707780515,0.0,0.0,0.0
33WA20150921,4060.0,57.0,2015.0,9.0,23.0,25.3517,-81.2665,1.0,1954.1,2248.0,29.47,37.517,7.98254149100239,0.0,0.0,0.0
33WA20141201,4059.0,573.0,2014.0,12.0,3.0,25.3519,-81.6531,1.0,2083.8,2353.3,21.22,35.905,8.53660234274238,0.0,0.0,0.0
33WA20150921,4060.0,572.0,2015.0,9.0,24.0,25.3519,-81.4875,1.0,1927.7,2174.3,29.6,36.002,7.90329937512516,0.0,0.0,0.0
33WA20150921,4060.0,571.0,2015.0,9.0,23.0,25.3519,-81.3364,1.0,1914.3,2192.9,29.57,37.419,7.95323019336987,0.0,0.0,0.0
33WA20141201,4059.0,57.0,2014.0,12.0,3.0,25.3522,-81.2656,1.0,2166.6,2428.9,20.71,35.111,7.72350936923771,0.0,0.0,0.0
33WA20150921,4060.0,572.0,2015.0,9.0,23.0,25.3529,-81.4952,1.0,1903.5,2148.4,29.71,36.007,7.92120300298815,0.0,0.0,0.0
33WA20141201,4059.0,572.0,2014.0,12.0,3.0,25.3529,-81.4904,1.0,2090.5,2335.2,20.94,35.299,8.41122297232082,0.0,0.0,0.0
33RO20170718,4058.0,95.0,2017.0,8.0,19.0,25.5001,-80.081,3.0,2022.4,2366.19,30.594,35.927,8.01460277590815,0.0,0.0,0.0
316N19810401,237.0,15.0,1981.0,4.0,17.0,25.575,-76.385,8.0,2023.8,2396.4,22.86,36.762,8.1555,1.0,1.0,0.0
74DI20100106,699.0,45.0,2010.0,1.0,16.0,25.699,-70.266,6.0,2058.2,2398.4,23.657,36.778,8.0939,1.0,1.0,0.0
33RO19980123,341.0,92.0,1998.0,2.0,17.0,25.759,-70.235,7.0,2028.5,2391.5,24.269,36.607,8.1322,1.0,1.0,1.0
33RO20170718,4058.0,96.0,2017.0,8.0,19.0,25.9934,-80.004,3.0,2037.5,2373.03,29.903,36.037,8.01253000852025,0.0,0.0,0.0
74EQ20151206,1109.0,55.0,2015.0,12.0,22.0,25.999,-70.537,3.0,2035.3,2390.1,26.188,36.557,8.07214354738198,1.0,1.0,0.0
74DI20100106,699.0,44.0,2010.0,1.0,16.0,26.103,-70.634,5.0,2057.7,2395.4,22.556,36.745,8.1076,1.0,1.0,0.0
33RO19980123,341.0,93.0,1998.0,2.0,17.0,26.141,-70.615,4.0,2028.4,2391.2,24.281,36.653,8.1216,1.0,1.0,1.0
29AH20110128,1030.0,139.0,2011.0,3.0,9.0,26.202,-76.151,6.0,2064.4,2404.6,22.844,36.754,8.1054,0.0,1.0,1.0
29AH20110128,1030.0,151.0,2011.0,3.0,11.0,26.203,-77.029,6.0,2055.3,2400.4,23.444,36.656,8.1059,0.0,1.0,1.0
29AH20110128,1030.0,134.0,2011.0,3.0,8.0,26.203,-75.28,5.0,2061.0,2410.6,23.456,36.855,8.1085,0.0,1.0,1.0
29AH20110128,1030.0,126.0,2011.0,3.0,6.0,26.203,-72.654,5.0,2071.1,2407.3,21.829,36.8,8.1137,0.0,1.0,1.0
29AH20110128,1030.0,145.0,2011.0,3.0,10.0,26.204,-76.8,5.0,2075.6,2397.3,23.695,36.625,8.066,0.0,1.0,1.0
29AH20110128,1030.0,131.0,2011.0,3.0,8.0,26.204,-74.407,6.0,2057.5,2408.9,23.657,36.795,8.1092,0.0,1.0,1.0
29AH20110128,1030.0,128.0,2011.0,3.0,7.0,26.204,-73.432,4.0,2054.5,2403.1,23.806,36.782,8.1037,0.0,1.0,1.0
29AH20110128,1030.0,122.0,2011.0,3.0,5.0,26.204,-71.1,5.0,2065.1,2413.4,22.334,36.849,8.1234,0.0,1.0,1.0
29AH20110128,1030.0,120.0,2011.0,3.0,5.0,26.204,-70.322,3.0,2063.2,2414.7,22.577,36.836,8.1244,0.0,1.0,1.0
74DI20100106,699.0,23.0,2010.0,1.0,10.0,26.484,-76.443,6.0,2048.9,2393.1,23.606,36.731,8.1022,1.0,1.0,0.0
33RO19980123,341.0,102.0,1998.0,2.0,19.0,26.491,-73.967,5.0,2047.7,2396.6,21.985,36.668,8.1344,1.0,1.0,1.0
74DI20100106,699.0,19.0,2010.0,1.0,9.0,26.496,-76.761,5.0,2049.8,2391.2,23.637,36.707,8.0981,1.0,1.0,0.0
74DI20100106,699.0,24.0,2010.0,1.0,10.0,26.496,-76.303,4.0,2045.0,2393.4,23.634,36.743,8.1082,1.0,1.0,0.0
74DI20100106,699.0,42.0,2010.0,1.0,15.0,26.496,-71.362,10.0,2055.0,2393.9,23.649,36.738,8.093,1.0,1.0,0.0
74DI20100106,699.0,21.0,2010.0,1.0,10.0,26.497,-76.63,6.0,2046.6,2389.8,23.62,36.709,8.1013,1.0,1.0,0.0
74DI20100106,699.0,30.0,2010.0,1.0,12.0,26.497,-75.312,4.0,2044.3,2394.2,24.064,36.763,8.1036,1.0,1.0,0.0
74DI20100106,699.0,32.0,2010.0,1.0,13.0,26.497,-74.804,4.0,2045.0,2393.5,24.109,36.766,8.1008,1.0,1.0,0.0
74DI20100106,699.0,33.0,2010.0,1.0,13.0,26.498,-74.517,4.0,2048.7,2396.4,24.167,36.758,8.0983,1.0,1.0,0.0
74EQ20151206,1109.0,48.0,2015.0,12.0,20.0,26.498,-73.567,7.0,2039.7,2394.0,25.22,36.516,8.08591581578688,1.0,1.0,0.0
74DI20100106,699.0,18.0,2010.0,1.0,9.0,26.499,-76.801,9.0,2048.1,2398.5,23.687,36.713,8.1098,1.0,1.0,0.0
33RO19980123,341.0,118.0,1998.0,2.0,22.0,26.499,-76.753,4.0,2032.8,2379.2,23.36,36.45,8.1153,1.0,1.0,1.0
74DI20100106,699.0,20.0,2010.0,1.0,9.0,26.499,-76.683,3.0,2050.0,2393.0,23.629,36.708,8.1004,1.0,1.0,0.0
74EQ20151206,1109.0,49.0,2015.0,12.0,20.0,26.499,-73.202,6.0,2035.8,2393.1,25.036,36.548,8.09302602075681,1.0,1.0,0.0
33RO19980123,341.0,95.0,1998.0,2.0,17.0,26.499,-71.35,4.0,2035.4,2408.3,23.716,36.77,8.1352,1.0,1.0,1.0
74EQ20151206,1109.0,25.0,2015.0,12.0,13.0,26.5,-76.933,6.0,2028.4,2385.4,26.083,36.492,8.07855944894274,1.0,1.0,0.0
74EQ20151206,1109.0,26.0,2015.0,12.0,13.0,26.5,-76.867,5.0,2041.7,2381.7,26.207,36.512,8.05099841098245,1.0,1.0,0.0
33RO19980123,341.0,120.0,1998.0,2.0,22.0,26.5,-76.816,4.0,2025.1,2373.8,24.12,36.285,8.1132,1.0,1.0,1.0
74EQ20151206,1109.0,28.0,2015.0,12.0,13.0,26.5,-76.8,5.0,2040.4,2390.0,26.385,36.54,8.06142307904893,1.0,1.0,0.0
33RO19980123,341.0,119.0,1998.0,2.0,22.0,26.5,-76.784,3.0,2029.0,2380.9,24.154,36.243,8.1137,1.0,1.0,1.0
74EQ20151206,1109.0,29.0,2015.0,12.0,14.0,26.5,-76.784,5.0,2035.3,2386.6,26.409,36.535,8.06426805705087,1.0,1.0,0.0
74EQ20151206,1109.0,30.0,2015.0,12.0,14.0,26.5,-76.759,4.0,2039.7,2387.4,26.397,36.535,8.05879181285065,1.0,1.0,0.0
74EQ20151206,1109.0,31.0,2015.0,12.0,14.0,26.5,-76.684,5.0,2045.0,2387.0,25.992,36.464,8.05707930433551,1.0,1.0,0.0
33RO19980123,341.0,117.0,1998.0,2.0,22.0,26.5,-76.683,3.0,2036.4,2389.1,23.253,36.521,8.124,1.0,1.0,1.0
33RO19980123,341.0,116.0,1998.0,2.0,21.0,26.5,-76.617,4.0,2037.2,2390.8,23.302,36.547,8.124,1.0,1.0,1.0
74EQ20151206,1109.0,32.0,2015.0,12.0,14.0,26.5,-76.617,5.0,2038.0,2389.9,26.265,36.523,8.06695393627714,1.0,1.0,0.0
74EQ20151206,1109.0,33.0,2015.0,12.0,14.0,26.5,-76.533,5.0,2034.7,2387.2,26.29,36.519,8.0680028607663,1.0,1.0,0.0
33RO19980123,341.0,115.0,1998.0,2.0,21.0,26.5,-76.517,4.0,2035.5,2387.5,23.579,36.448,8.1155,1.0,1.0,1.0
74EQ20151206,1109.0,34.0,2015.0,12.0,15.0,26.5,-76.433,5.0,2039.4,2392.0,26.1,36.516,8.07026590352159,1.0,1.0,0.0
33RO19980123,341.0,113.0,1998.0,2.0,21.0,26.5,-76.3,3.0,2040.1,2393.1,22.694,36.655,8.1307,1.0,1.0,1.0
74EQ20151206,1109.0,35.0,2015.0,12.0,15.0,26.5,-76.3,5.0,2027.4,2384.5,25.93,36.443,8.08174997462965,1.0,1.0,0.0
74EQ20151206,1109.0,36.0,2015.0,12.0,15.0,26.5,-76.217,6.0,2059.7,2378.9,25.939,36.468,8.02314142786036,1.0,1.0,0.0
33RO19980123,341.0,112.0,1998.0,2.0,21.0,26.5,-76.2,3.0,2038.8,2388.8,22.773,36.644,8.1258,1.0,1.0,1.0
74EQ20151206,1109.0,37.0,2015.0,12.0,15.0,26.5,-76.1,4.0,2029.5,2390.4,26.108,36.45,8.08381285415772,1.0,1.0,0.0
33RO19980123,341.0,111.0,1998.0,2.0,21.0,26.5,-76.083,4.0,2039.0,2391.6,22.888,36.648,8.1334,1.0,1.0,1.0
33RO19980123,341.0,110.0,1998.0,2.0,20.0,26.5,-75.9,4.0,2037.3,2395.5,23.095,36.644,8.1321,1.0,1.0,1.0
74EQ20151206,1109.0,39.0,2015.0,12.0,18.0,26.5,-75.9,8.0,2035.7,2384.2,26.11,36.481,8.06546885216812,1.0,1.0,0.0
33RO19980123,341.0,109.0,1998.0,2.0,20.0,26.5,-75.701,4.0,2047.1,2398.4,22.363,36.661,8.1317,1.0,1.0,1.0
74EQ20151206,1109.0,40.0,2015.0,12.0,18.0,26.5,-75.7,5.0,2026.6,2389.4,26.724,36.558,8.07610470670929,1.0,1.0,0.0
74DI20100106,699.0,29.0,2010.0,1.0,12.0,26.5,-75.509,10.0,2044.8,2395.1,23.787,36.758,8.1081,1.0,1.0,0.0
33RO19980123,341.0,108.0,1998.0,2.0,20.0,26.5,-75.5,4.0,2042.2,2396.9,22.425,36.667,8.1349,1.0,1.0,1.0
74EQ20151206,1109.0,41.0,2015.0,12.0,19.0,26.5,-75.5,6.0,2026.2,2407.9,26.42,36.541,8.10574497204357,1.0,1.0,0.0
33RO19980123,341.0,107.0,1998.0,2.0,20.0,26.5,-75.3,4.0,2041.6,2394.1,22.439,36.665,8.1363,1.0,1.0,1.0
74EQ20151206,1109.0,42.0,2015.0,12.0,19.0,26.5,-75.3,6.0,2027.1,2388.3,26.511,36.513,8.07763244864073,1.0,1.0,0.0
33RO19980123,341.0,106.0,1998.0,2.0,20.0,26.5,-75.084,4.0,2041.5,2392.8,22.376,36.667,8.1238,1.0,1.0,1.0
33RO19980123,341.0,105.0,1998.0,2.0,19.0,26.5,-74.8,4.0,2046.6,2397.7,22.181,36.65,8.1317,1.0,1.0,1.0
74EQ20151206,1109.0,44.0,2015.0,12.0,19.0,26.5,-74.8,7.0,2037.7,2390.4,26.185,36.569,8.06868754074578,1.0,1.0,0.0
74EQ20151206,1109.0,45.0,2015.0,12.0,19.0,26.5,-74.519,7.0,2054.8,2397.4,25.71,36.584,8.05911614667898,1.0,1.0,0.0
33RO19980123,341.0,104.0,1998.0,2.0,19.0,26.5,-74.517,4.0,2044.7,2395.5,22.293,36.635,8.1297,1.0,1.0,1.0
33RO19980123,341.0,103.0,1998.0,2.0,19.0,26.5,-74.251,4.0,2045.9,2399.9,21.938,36.638,8.1334,1.0,1.0,1.0
74EQ20151206,1109.0,46.0,2015.0,12.0,20.0,26.5,-74.238,7.0,2025.7,2390.2,26.062,36.557,8.08852385471514,1.0,1.0,0.0
33RO19980123,341.0,101.0,1998.0,2.0,19.0,26.5,-73.583,4.0,2042.2,2393.8,22.271,36.657,8.1335,1.0,1.0,1.0
33RO19980123,341.0,100.0,1998.0,2.0,18.0,26.5,-73.216,4.0,2036.7,2393.0,23.837,36.685,8.1243,1.0,1.0,1.0
33RO19980123,341.0,99.0,1998.0,2.0,18.0,26.5,-72.85,5.0,2042.8,2407.5,23.575,36.78,8.131,1.0,1.0,1.0
33RO19980123,341.0,98.0,1998.0,2.0,18.0,26.5,-72.467,4.0,2043.1,2412.8,23.201,36.78,8.1342,1.0,1.0,1.0
74EQ20151206,1109.0,51.0,2015.0,12.0,21.0,26.5,-72.378,7.0,2034.1,2398.7,25.083,36.631,8.10133285851638,1.0,1.0,0.0
33RO19980123,341.0,97.0,1998.0,2.0,18.0,26.5,-72.1,4.0,2039.2,2397.6,23.14,36.785,8.1298,1.0,1.0,1.0
74EQ20151206,1109.0,52.0,2015.0,12.0,21.0,26.5,-71.917,6.0,2048.2,2393.2,25.211,36.579,8.07119001200981,1.0,1.0,0.0
33RO19980123,341.0,96.0,1998.0,2.0,18.0,26.5,-71.734,5.0,2040.5,2406.7,23.265,36.766,8.1383,1.0,1.0,1.0
33RO19980123,341.0,94.0,1998.0,2.0,17.0,26.5,-71.0,4.0,2034.8,2402.8,23.775,36.756,8.1334,1.0,1.0,1.0
74EQ20151206,1109.0,43.0,2015.0,12.0,19.0,26.501,-75.067,6.0,2045.0,2389.0,26.299,36.531,8.05435758852569,1.0,1.0,0.0
74EQ20151206,1109.0,47.0,2015.0,12.0,20.0,26.501,-73.934,6.0,2033.1,2390.7,26.22,36.538,8.07593540903365,1.0,1.0,0.0
74EQ20151206,1109.0,53.0,2015.0,12.0,22.0,26.502,-71.461,5.0,2037.6,2397.1,25.329,36.579,8.09088914421236,1.0,1.0,0.0
74DI20100106,699.0,17.0,2010.0,1.0,9.0,26.503,-76.782,9.0,2050.4,2390.8,23.67,36.705,8.096,1.0,1.0,0.0
74EQ20151206,1109.0,50.0,2015.0,12.0,21.0,26.503,-72.842,6.0,2040.9,2384.6,25.287,36.525,8.07006140285611,1.0,1.0,0.0
33RO19980123,341.0,114.0,1998.0,2.0,21.0,26.505,-76.422,3.0,2040.5,2396.8,22.647,36.663,8.135,1.0,1.0,1.0
74DI20100106,699.0,39.0,2010.0,1.0,14.0,26.508,-72.464,5.0,2051.1,2396.9,23.67,36.752,8.1029,1.0,1.0,0.0
74DI20100106,699.0,41.0,2010.0,1.0,15.0,26.514,-71.719,4.0,2049.1,2398.0,24.106,36.76,8.1008,1.0,1.0,0.0
74EQ20151206,1109.0,27.0,2015.0,12.0,13.0,26.517,-76.825,6.0,2027.0,2389.6,26.305,36.525,8.08245947593904,1.0,1.0,0.0
33RO19980123,341.0,121.0,1998.0,2.0,22.0,26.52,-76.9,5.0,2023.1,2369.7,24.098,36.264,8.1115,1.0,1.0,1.0
33HH20180625,4048.0,184.0,2018.0,7.0,29.0,26.9582,-79.6188,6.0,2022.83,2370.194348,29.7861,36.1914,8.03289938449124,0.0,0.0,0.0
33RO20070710,344.0,34.0,2007.0,7.0,19.0,26.962,-79.624,4.2,2004.8,2370.6,30.051,36.163,8.0483,1.0,1.0,0.0
33RO20070710,344.0,34.0,2007.0,7.0,19.0,26.962,-79.624,10.0,2004.9,2370.4,30.059,36.158,8.0476,1.0,1.0,0.0
33RO20070710,344.0,32.0,2007.0,7.0,19.0,26.963,-79.777,3.8,2014.0,2378.3,30.335,36.241,8.0396,1.0,1.0,0.0
33RO20070710,344.0,33.0,2007.0,7.0,19.0,26.963,-79.687,4.1,2006.5,2373.2,30.106,36.181,8.0482,1.0,1.0,0.0
33RO20070710,344.0,33.0,2007.0,7.0,19.0,26.963,-79.687,9.5,2006.6,2372.1,30.109,36.18,8.0464,1.0,1.0,0.0
33RO20120721,4057.0,29.0,2012.0,7.0,31.0,26.965,-79.499,3.0,2025.12,2353.1,29.45,35.997,8.03682367473644,1.0,1.0,1.0
33RO20070710,344.0,30.0,2007.0,7.0,19.0,26.967,-79.931,3.9,2019.1,2387.1,30.558,36.333,8.0392,1.0,1.0,0.0
33RO20070710,344.0,30.0,2007.0,7.0,19.0,26.967,-79.931,9.8,2021.9,2386.5,30.3,36.298,8.0383,1.0,1.0,0.0
33RO20070710,344.0,31.0,2007.0,7.0,19.0,26.968,-79.851,3.8,2024.2,2390.1,30.538,36.373,8.0354,1.0,1.0,0.0
33RO20120721,4057.0,28.0,2012.0,7.0,31.0,26.969,-79.62,3.0,2007.96,2359.45,29.411,36.02,8.03720616580416,1.0,1.0,1.0
33RO20170718,4058.0,102.0,2017.0,8.0,20.0,26.9693,-79.617,3.0,2023.4,2375.93,30.117,36.327,8.02490417877136,0.0,0.0,0.0
33RO20120721,4057.0,27.0,2012.0,7.0,31.0,26.973,-79.686,3.0,2007.43,2364.38,29.446,36.022,8.03677876876694,1.0,1.0,1.0
33RO20170718,4058.0,103.0,2017.0,8.0,20.0,26.9742,-79.499,3.0,2020.0,2373.79,29.867,36.317,8.02744331835089,0.0,0.0,0.0
33RO20120721,4057.0,30.0,2012.0,7.0,31.0,26.975,-79.383,3.0,2002.75,2353.74,29.304,35.973,8.04149325937951,1.0,1.0,1.0
33RO20120721,4057.0,30.0,2012.0,7.0,31.0,26.975,-79.383,9.0,2003.64,2354.0873472215,29.301,35.953,8.04161043383903,1.0,1.0,1.0
33RO20120721,4057.0,31.0,2012.0,7.0,31.0,26.978,-79.282,3.0,1976.97,2329.01,29.383,35.906,8.04865566440281,1.0,1.0,1.0
33RO20120721,4057.0,31.0,2012.0,7.0,31.0,26.978,-79.282,9.0,1982.13,2334.91171810017,29.391,35.923,8.04720686605144,1.0,1.0,1.0
33RO20120721,4057.0,25.0,2012.0,7.0,30.0,26.979,-79.865,3.0,2015.5,2355.44,29.43,35.994,8.03811437507368,1.0,1.0,1.0
33RO20120721,4057.0,25.0,2012.0,7.0,30.0,26.979,-79.865,9.0,2012.88,2358.21,29.395,36.033,8.03099438607206,1.0,1.0,1.0
33RO20120721,4057.0,26.0,2012.0,7.0,31.0,26.98,-79.781,2.0,2008.93,2364.65,29.446,36.036,8.03730765989827,1.0,1.0,1.0
33RO20120721,4057.0,32.0,2012.0,7.0,31.0,26.98,-79.2,3.0,1982.65,2339.09,29.519,35.937,8.05027237097781,1.0,1.0,1.0
33RO20120721,4057.0,32.0,2012.0,7.0,31.0,26.98,-79.2,9.0,1987.47,2338.56,29.475,35.948,8.04577877172448,1.0,1.0,1.0
33RO20170718,4058.0,101.0,2017.0,8.0,20.0,26.982,-79.688,2.0,2018.6,2369.82047635372,30.358,36.323,8.01965965256931,0.0,0.0,0.0
33RO20170718,4058.0,101.0,2017.0,8.0,20.0,26.982,-79.688,10.0,2020.6,2373.14,30.359,36.321,8.01859866095958,0.0,0.0,0.0
33RO20170718,4058.0,100.0,2017.0,8.0,20.0,26.9841,-79.781,4.0,2018.6,2366.5,30.423,36.315,8.01744120272064,0.0,0.0,0.0
33RO20170718,4058.0,100.0,2017.0,8.0,20.0,26.9841,-79.781,10.0,2019.2,2371.06,30.428,36.313,8.01579358904302,0.0,0.0,0.0
33GG20150619,4034.0,163.0,2015.0,7.0,23.0,26.98663,-79.18081,3.0,2022.3,2369.91,29.5682,36.2383,8.0305982642624,0.0,0.0,0.0
33RO20170718,4058.0,99.0,2017.0,8.0,19.0,26.9867,-79.861,4.0,2029.8,2380.76,30.578,36.312,8.02000774836311,0.0,0.0,0.0
33RO20170718,4058.0,99.0,2017.0,8.0,19.0,26.9867,-79.861,10.0,2029.8,2384.46,30.572,36.312,8.01889501073362,0.0,0.0,0.0
33RO20120721,4057.0,33.0,2012.0,7.0,31.0,26.987,-79.174,3.0,1993.08,2337.9,29.557,35.956,8.0428653549311,1.0,1.0,1.0
33RO20170718,4058.0,98.0,2017.0,8.0,19.0,26.9871,-79.931,3.0,2032.5,2388.45,30.691,36.142,8.0180691420843,0.0,0.0,0.0
33RO20170718,4058.0,98.0,2017.0,8.0,19.0,26.9871,-79.931,10.0,2031.9,2388.46,30.354,36.137,8.02372544966644,0.0,0.0,0.0
33RO20120721,4057.0,24.0,2012.0,7.0,30.0,26.989,-79.931,3.0,2016.11,2369.45,30.043,35.993,8.02396944837729,1.0,1.0,1.0
33RO20170718,4058.0,104.0,2017.0,8.0,20.0,26.9893,-79.376,3.0,2022.3,2374.77823922956,30.152,36.285,8.02463406233005,0.0,0.0,0.0
33RO20170718,4058.0,106.0,2017.0,8.0,20.0,26.9913,-79.202,3.0,2022.7,2376.44,30.247,36.535,8.02342067669695,0.0,0.0,0.0
33GG20150619,4034.0,162.0,2015.0,7.0,23.0,26.99166,-79.2745,3.0,2017.67,2367.14,29.6839,36.1815,8.02676804668328,0.0,0.0,0.0
33RO20170718,4058.0,105.0,2017.0,8.0,20.0,26.9921,-79.281,3.0,2022.2,2375.34,30.212,36.36,8.026051294778,0.0,0.0,0.0
33RO20070710,344.0,29.0,2007.0,7.0,18.0,26.996,-79.99,3.9,2020.7,2385.0,30.64,36.414,8.0318,1.0,1.0,0.0
33RO20070710,344.0,29.0,2007.0,7.0,18.0,26.996,-79.99,9.8,2024.2,2381.3,29.588,36.419,8.0371,1.0,1.0,0.0
33HH20180625,4048.0,180.0,2018.0,7.0,28.0,26.9967,-79.918,6.0,2041.12,2391.996188,30.8076,35.8907,8.00852430153435,0.0,0.0,0.0
33RO20120721,4057.0,22.0,2012.0,7.0,30.0,26.997,-80.003,3.0,2034.02,2361.1,28.076,36.087,8.0344732337778,1.0,1.0,1.0
33RO20120721,4057.0,22.0,2012.0,7.0,30.0,26.997,-80.003,9.0,2034.04,2358.81,27.977,36.088,8.01888006247368,1.0,1.0,1.0
33HH20180625,4048.0,180.0,2018.0,7.0,28.0,26.9975,-79.918,2.0,2024.76,2375.069392,30.6194,35.4354,8.02440945036363,0.0,0.0,0.0
33RO19980123,341.0,130.0,1998.0,2.0,23.0,26.999,-79.937,3.0,2044.5,2385.4,23.327,36.024,8.1112,1.0,1.0,1.0
33RO20170718,4058.0,107.0,2017.0,8.0,20.0,26.9995,-79.176,3.0,2017.1,2368.08,30.22,36.376,8.02442501075146,0.0,0.0,0.0
33RO20170718,4058.0,97.0,2017.0,8.0,19.0,26.9999,-79.987,3.0,2030.6,2378.23,30.721,35.896,8.0114695170031,0.0,0.0,0.0
33RO20170718,4058.0,97.0,2017.0,8.0,19.0,26.9999,-79.987,10.0,2034.8,2378.68,29.92,35.955,8.01703423435771,0.0,0.0,0.0
33RO20120721,4057.0,23.0,2012.0,7.0,30.0,27.0,-79.986,3.0,2009.88,2350.73,29.853,36.073,8.02067509524459,1.0,1.0,1.0
33RO19980123,341.0,122.0,1998.0,2.0,23.0,27.0,-79.2,4.0,2014.1,2364.5,26.089,36.176,8.0899,1.0,1.0,1.0
74EQ20151206,1109.0,15.0,2015.0,12.0,11.0,27.0,-79.158,6.0,2009.1,2351.8,27.626,35.947,8.04541474195456,1.0,1.0,0.0
